@id,@type,id,point,type,granularity,granularitytimezone,activity,classification,capacity,volume,percentage,validfrom,validto,lastupdate
/v1/utilizations/23791264254,Utilization,23791264254,/v1/points/0,/v1/types/8,/v1/granularities/4,/v1/granularity_time_zones/0,/v1/activities/1,/v1/classifications/2,699000,174750,1,2021-12-31T23:00:00+00:00,2021-12-31T23:15:00+00:00,2023-05-24T15:24:25+00:00
/v1/utilizations/23791593985,Utilization,23791593985,/v1/points/0,/v1/types/8,/v1/granularities/4,/v1/granularity_time_zones/0,/v1/activities/1,/v1/classifications/2,699000,174750,1,2021-12-31T23:15:00+00:00,2021-12-31T23:30:00+00:00,2023-05-24T15:24:25+00:00
/v1/utilizations/23792246551,Utilization,23792246551,/v1/points/0,/v1/types/8,/v1/granularities/4,/v1/granularity_time_zones/0,/v1/activities/1,/v1/classifications/2,699000,174750,1,2021-12-31T23:30:00+00:00,2021-12-31T23:45:00+00:00,2023-05-24T15:24:25+00:00
/v1/utilizations/23792576131,Utilization,23792576131,/v1/points/0,/v1/types/8,/v1/granularities/4,/v1/granularity_time_zones/0,/v1/activities/1,/v1/classifications/2,699000,174750,1,2021-12-31T23:45:00+00:00,2022-01-01T00:00:00+00:00,2023-05-24T15:24:25+00:00
/v1/utilizations/23794425560,Utilization,23794425560,/v1/points/0,/v1/types/8,/v1/granularities/4,/v1/granularity_time_zones/0,/v1/activities/1,/v1/classifications/2,699000,174750,1,2022-01-01T00:00:00+00:00,2022-01-01T00:15:00+00:00,2023-05-24T11:04:48+00:00
/v1/utilizations/23794755214,Utilization,23794755214,/v1/points/0,/v1/types/8,/v1/granularities/4,/v1/granularity_time_zones/0,/v1/activities/1,/v1/classifications/2,699000,174750,1,2022-01-01T00:15:00+00:00,2022-01-01T00:30:00+00:00,2023-05-24T11:04:48+00:00
/v1/utilizations/23795407601,Utilization,23795407601,/v1/points/0,/v1/types/8,/v1/granularities/4,/v1/granularity_time_zones/0,/v1/activities/1,/v1/classifications/2,699000,174750,1,2022-01-01T00:30:00+00:00,2022-01-01T00:45:00+00:00,2023-05-24T11:04:48+00:00
/v1/utilizations/23795736929,Utilization,23795736929,/v1/points/0,/v1/types/8,/v1/granularities/4,/v1/granularity_time_zones/0,/v1/activities/1,/v1/classifications/2,699000,174750,1,2022-01-01T00:45:00+00:00,2022-01-01T01:00:00+00:00,2023-05-24T11:04:48+00:00
/v1/utilizations/23797586183,Utilization,23797586183,/v1/points/0,/v1/types/8,/v1/granularities/4,/v1/granularity_time_zones/0,/v1/activities/1,/v1/classifications/2,698996,174749,1,2022-01-01T01:00:00+00:00,2022-01-01T01:15:00+00:00,2023-05-24T11:04:48+00:00
/v1/utilizations/23797915670,Utilization,23797915670,/v1/points/0,/v1/types/8,/v1/granularities/4,/v1/granularity_time_zones/0,/v1/activities/1,/v1/classifications/2,698996,174749,1,2022-01-01T01:15:00+00:00,2022-01-01T01:30:00+00:00,2023-05-24T11:04:48+00:00
/v1/utilizations/23798567890,Utilization,23798567890,/v1/points/0,/v1/types/8,/v1/granularities/4,/v1/granularity_time_zones/0,/v1/activities/1,/v1/classifications/2,698992,174748,1,2022-01-01T01:30:00+00:00,2022-01-01T01:45:00+00:00,2023-05-24T11:04:48+00:00
/v1/utilizations/23798897226,Utilization,23798897226,/v1/points/0,/v1/types/8,/v1/granularities/4,/v1/granularity_time_zones/0,/v1/activities/1,/v1/classifications/2,698996,174749,1,2022-01-01T01:45:00+00:00,2022-01-01T02:00:00+00:00,2023-05-24T11:04:48+00:00
/v1/utilizations/23800746488,Utilization,23800746488,/v1/points/0,/v1/types/8,/v1/granularities/4,/v1/granularity_time_zones/0,/v1/activities/1,/v1/classifications/2,698992,174748,1,2022-01-01T02:00:00+00:00,2022-01-01T02:15:00+00:00,2023-05-24T11:04:48+00:00
/v1/utilizations/23801075983,Utilization,23801075983,/v1/points/0,/v1/types/8,/v1/granularities/4,/v1/granularity_time_zones/0,/v1/activities/1,/v1/classifications/2,698996,174749,1,2022-01-01T02:15:00+00:00,2022-01-01T02:30:00+00:00,2023-05-24T11:04:48+00:00
/v1/utilizations/23801728211,Utilization,23801728211,/v1/points/0,/v1/types/8,/v1/granularities/4,/v1/granularity_time_zones/0,/v1/activities/1,/v1/classifications/2,698992,174748,1,2022-01-01T02:30:00+00:00,2022-01-01T02:45:00+00:00,2023-05-24T11:04:48+00:00
/v1/utilizations/23802057555,Utilization,23802057555,/v1/points/0,/v1/types/8,/v1/granularities/4,/v1/granularity_time_zones/0,/v1/activities/1,/v1/classifications/2,698996,174749,1,2022-01-01T02:45:00+00:00,2022-01-01T03:00:00+00:00,2023-05-24T11:04:48+00:00
/v1/utilizations/23803906825,Utilization,23803906825,/v1/points/0,/v1/types/8,/v1/granularities/4,/v1/granularity_time_zones/0,/v1/activities/1,/v1/classifications/2,698992,174748,1,2022-01-01T03:00:00+00:00,2022-01-01T03:15:00+00:00,2023-05-24T11:04:48+00:00
/v1/utilizations/23804236328,Utilization,23804236328,/v1/points/0,/v1/types/8,/v1/granularities/4,/v1/granularity_time_zones/0,/v1/activities/1,/v1/classifications/2,698996,174749,1,2022-01-01T03:15:00+00:00,2022-01-01T03:30:00+00:00,2023-05-24T11:04:48+00:00
/v1/utilizations/23804888564,Utilization,23804888564,/v1/points/0,/v1/types/8,/v1/granularities/4,/v1/granularity_time_zones/0,/v1/activities/1,/v1/classifications/2,698992,174748,1,2022-01-01T03:30:00+00:00,2022-01-01T03:45:00+00:00,2023-05-24T11:04:48+00:00
/v1/utilizations/23805217916,Utilization,23805217916,/v1/points/0,/v1/types/8,/v1/granularities/4,/v1/granularity_time_zones/0,/v1/activities/1,/v1/classifications/2,698996,174749,1,2022-01-01T03:45:00+00:00,2022-01-01T04:00:00+00:00,2023-05-24T11:04:48+00:00
/v1/utilizations/23807067194,Utilization,23807067194,/v1/points/0,/v1/types/8,/v1/granularities/4,/v1/granularity_time_zones/0,/v1/activities/1,/v1/classifications/2,698992,174748,1,2022-01-01T04:00:00+00:00,2022-01-01T04:15:00+00:00,2023-05-24T11:04:48+00:00
/v1/utilizations/23807396705,Utilization,23807396705,/v1/points/0,/v1/types/8,/v1/granularities/4,/v1/granularity_time_zones/0,/v1/activities/1,/v1/classifications/2,698996,174749,1,2022-01-01T04:15:00+00:00,2022-01-01T04:30:00+00:00,2023-05-24T11:04:48+00:00
/v1/utilizations/23808048949,Utilization,23808048949,/v1/points/0,/v1/types/8,/v1/granularities/4,/v1/granularity_time_zones/0,/v1/activities/1,/v1/classifications/2,698992,174748,1,2022-01-01T04:30:00+00:00,2022-01-01T04:45:00+00:00,2023-05-24T11:04:48+00:00
/v1/utilizations/23808378309,Utilization,23808378309,/v1/points/0,/v1/types/8,/v1/granularities/4,/v1/granularity_time_zones/0,/v1/activities/1,/v1/classifications/2,698996,174749,1,2022-01-01T04:45:00+00:00,2022-01-01T05:00:00+00:00,2023-05-24T11:04:48+00:00
/v1/utilizations/23810227595,Utilization,23810227595,/v1/points/0,/v1/types/8,/v1/granularities/4,/v1/granularity_time_zones/0,/v1/activities/1,/v1/classifications/2,698992,174748,1,2022-01-01T05:00:00+00:00,2022-01-01T05:15:00+00:00,2023-05-24T11:04:48+00:00
/v1/utilizations/23810557114,Utilization,23810557114,/v1/points/0,/v1/types/8,/v1/granularities/4,/v1/granularity_time_zones/0,/v1/activities/1,/v1/classifications/2,698992,174748,1,2022-01-01T05:15:00+00:00,2022-01-01T05:30:00+00:00,2023-05-24T11:04:48+00:00
/v1/utilizations/23811209366,Utilization,23811209366,/v1/points/0,/v1/types/8,/v1/granularities/4,/v1/granularity_time_zones/0,/v1/activities/1,/v1/classifications/2,698988,174747,1,2022-01-01T05:30:00+00:00,2022-01-01T05:45:00+00:00,2023-05-24T11:04:48+00:00
/v1/utilizations/23811538734,Utilization,23811538734,/v1/points/0,/v1/types/8,/v1/granularities/4,/v1/granularity_time_zones/0,/v1/activities/1,/v1/classifications/2,698988,174747,1,2022-01-01T05:45:00+00:00,2022-01-01T06:00:00+00:00,2023-05-24T11:04:48+00:00
/v1/utilizations/23813388028,Utilization,23813388028,/v1/points/0,/v1/types/8,/v1/granularities/4,/v1/granularity_time_zones/0,/v1/activities/1,/v1/classifications/2,698988,174747,1,2022-01-01T06:00:00+00:00,2022-01-01T06:15:00+00:00,2023-05-24T11:04:48+00:00
/v1/utilizations/23813717555,Utilization,23813717555,/v1/points/0,/v1/types/8,/v1/granularities/4,/v1/granularity_time_zones/0,/v1/activities/1,/v1/classifications/2,698988,174747,1,2022-01-01T06:15:00+00:00,2022-01-01T06:30:00+00:00,2023-05-24T11:04:48+00:00
/v1/utilizations/23814369815,Utilization,23814369815,/v1/points/0,/v1/types/8,/v1/granularities/4,/v1/granularity_time_zones/0,/v1/activities/1,/v1/classifications/2,698988,174747,1,2022-01-01T06:30:00+00:00,2022-01-01T06:45:00+00:00,2023-05-24T11:04:48+00:00
/v1/utilizations/23814896517,Utilization,23814896517,/v1/points/0,/v1/types/8,/v1/granularities/4,/v1/granularity_time_zones/0,/v1/activities/1,/v1/classifications/2,698988,174747,1,2022-01-01T06:45:00+00:00,2022-01-01T07:00:00+00:00,2023-05-24T11:04:48+00:00
/v1/utilizations/23816860610,Utilization,23816860610,/v1/points/0,/v1/types/8,/v1/granularities/4,/v1/granularity_time_zones/0,/v1/activities/1,/v1/classifications/2,698988,174747,1,2022-01-01T07:00:00+00:00,2022-01-01T07:15:00+00:00,2023-05-24T11:04:48+00:00
/v1/utilizations/23817190145,Utilization,23817190145,/v1/points/0,/v1/types/8,/v1/granularities/4,/v1/granularity_time_zones/0,/v1/activities/1,/v1/classifications/2,698988,174747,1,2022-01-01T07:15:00+00:00,2022-01-01T07:30:00+00:00,2023-05-24T11:04:48+00:00
/v1/utilizations/23817842413,Utilization,23817842413,/v1/points/0,/v1/types/8,/v1/granularities/4,/v1/granularity_time_zones/0,/v1/activities/1,/v1/classifications/2,698988,174747,1,2022-01-01T07:30:00+00:00,2022-01-01T07:45:00+00:00,2023-05-24T11:04:48+00:00
/v1/utilizations/23818171797,Utilization,23818171797,/v1/points/0,/v1/types/8,/v1/granularities/4,/v1/granularity_time_zones/0,/v1/activities/1,/v1/classifications/2,698988,174747,1,2022-01-01T07:45:00+00:00,2022-01-01T08:00:00+00:00,2023-05-24T11:04:48+00:00
/v1/utilizations/23820021107,Utilization,23820021107,/v1/points/0,/v1/types/8,/v1/granularities/4,/v1/granularity_time_zones/0,/v1/activities/1,/v1/classifications/2,698988,174747,1,2022-01-01T08:00:00+00:00,2022-01-01T08:15:00+00:00,2023-05-24T11:04:48+00:00
/v1/utilizations/23820350650,Utilization,23820350650,/v1/points/0,/v1/types/8,/v1/granularities/4,/v1/granularity_time_zones/0,/v1/activities/1,/v1/classifications/2,698988,174747,1,2022-01-01T08:15:00+00:00,2022-01-01T08:30:00+00:00,2023-05-24T11:04:48+00:00
/v1/utilizations/23821002926,Utilization,23821002926,/v1/points/0,/v1/types/8,/v1/granularities/4,/v1/granularity_time_zones/0,/v1/activities/1,/v1/classifications/2,698988,174747,1,2022-01-01T08:30:00+00:00,2022-01-01T08:45:00+00:00,2023-05-24T11:04:48+00:00
/v1/utilizations/23821332318,Utilization,23821332318,/v1/points/0,/v1/types/8,/v1/granularities/4,/v1/granularity_time_zones/0,/v1/activities/1,/v1/classifications/2,698988,174747,1,2022-01-01T08:45:00+00:00,2022-01-01T09:00:00+00:00,2023-05-24T11:04:48+00:00
/v1/utilizations/23823181636,Utilization,23823181636,/v1/points/0,/v1/types/8,/v1/granularities/4,/v1/granularity_time_zones/0,/v1/activities/1,/v1/classifications/2,698988,174747,1,2022-01-01T09:00:00+00:00,2022-01-01T09:15:00+00:00,2023-05-24T11:04:48+00:00
/v1/utilizations/23823511187,Utilization,23823511187,/v1/points/0,/v1/types/8,/v1/granularities/4,/v1/granularity_time_zones/0,/v1/activities/1,/v1/classifications/2,698984,174746,1,2022-01-01T09:15:00+00:00,2022-01-01T09:30:00+00:00,2023-05-24T11:04:48+00:00
/v1/utilizations/23824163471,Utilization,23824163471,/v1/points/0,/v1/types/8,/v1/granularities/4,/v1/granularity_time_zones/0,/v1/activities/1,/v1/classifications/2,698980,174745,1,2022-01-01T09:30:00+00:00,2022-01-01T09:45:00+00:00,2023-05-24T11:04:48+00:00
/v1/utilizations/23824492871,Utilization,23824492871,/v1/points/0,/v1/types/8,/v1/granularities/4,/v1/granularity_time_zones/0,/v1/activities/1,/v1/classifications/2,698984,174746,1,2022-01-01T09:45:00+00:00,2022-01-01T10:00:00+00:00,2023-05-24T11:04:48+00:00
/v1/utilizations/23826342197,Utilization,23826342197,/v1/points/0,/v1/types/8,/v1/granularities/4,/v1/granularity_time_zones/0,/v1/activities/1,/v1/classifications/2,698980,174745,1,2022-01-01T10:00:00+00:00,2022-01-01T10:15:00+00:00,2023-05-24T11:04:48+00:00
/v1/utilizations/23826671756,Utilization,23826671756,/v1/points/0,/v1/types/8,/v1/granularities/4,/v1/granularity_time_zones/0,/v1/activities/1,/v1/classifications/2,698984,174746,1,2022-01-01T10:15:00+00:00,2022-01-01T10:30:00+00:00,2023-05-24T11:04:48+00:00
/v1/utilizations/23827324048,Utilization,23827324048,/v1/points/0,/v1/types/8,/v1/granularities/4,/v1/granularity_time_zones/0,/v1/activities/1,/v1/classifications/2,698980,174745,1,2022-01-01T10:30:00+00:00,2022-01-01T10:45:00+00:00,2023-05-24T11:04:48+00:00
/v1/utilizations/23827653456,Utilization,23827653456,/v1/points/0,/v1/types/8,/v1/granularities/4,/v1/granularity_time_zones/0,/v1/activities/1,/v1/classifications/2,698984,174746,1,2022-01-01T10:45:00+00:00,2022-01-01T11:00:00+00:00,2023-05-24T11:04:48+00:00
/v1/utilizations/23829502790,Utilization,23829502790,/v1/points/0,/v1/types/8,/v1/granularities/4,/v1/granularity_time_zones/0,/v1/activities/1,/v1/classifications/2,698980,174745,1,2022-01-01T11:00:00+00:00,2022-01-01T11:15:00+00:00,2023-05-24T11:04:48+00:00
/v1/utilizations/23829832357,Utilization,23829832357,/v1/points/0,/v1/types/8,/v1/granularities/4,/v1/granularity_time_zones/0,/v1/activities/1,/v1/classifications/2,698984,174746,1,2022-01-01T11:15:00+00:00,2022-01-01T11:30:00+00:00,2023-05-24T11:04:48+00:00
/v1/utilizations/23830484657,Utilization,23830484657,/v1/points/0,/v1/types/8,/v1/granularities/4,/v1/granularity_time_zones/0,/v1/activities/1,/v1/classifications/2,698980,174745,1,2022-01-01T11:30:00+00:00,2022-01-01T11:45:00+00:00,2023-05-24T11:04:48+00:00
/v1/utilizations/23830814073,Utilization,23830814073,/v1/points/0,/v1/types/8,/v1/granularities/4,/v1/granularity_time_zones/0,/v1/activities/1,/v1/classifications/2,698984,174746,1,2022-01-01T11:45:00+00:00,2022-01-01T12:00:00+00:00,2023-05-24T11:04:48+00:00
/v1/utilizations/23832663415,Utilization,23832663415,/v1/points/0,/v1/types/8,/v1/granularities/4,/v1/granularity_time_zones/0,/v1/activities/1,/v1/classifications/2,698980,174745,1,2022-01-01T12:00:00+00:00,2022-01-01T12:15:00+00:00,2023-05-24T11:04:48+00:00
/v1/utilizations/23832992990,Utilization,23832992990,/v1/points/0,/v1/types/8,/v1/granularities/4,/v1/granularity_time_zones/0,/v1/activities/1,/v1/classifications/2,698984,174746,1,2022-01-01T12:15:00+00:00,2022-01-01T12:30:00+00:00,2023-05-24T11:04:48+00:00
/v1/utilizations/23833645298,Utilization,23833645298,/v1/points/0,/v1/types/8,/v1/granularities/4,/v1/granularity_time_zones/0,/v1/activities/1,/v1/classifications/2,698980,174745,1,2022-01-01T12:30:00+00:00,2022-01-01T12:45:00+00:00,2023-05-24T11:04:48+00:00
/v1/utilizations/23833974722,Utilization,23833974722,/v1/points/0,/v1/types/8,/v1/granularities/4,/v1/granularity_time_zones/0,/v1/activities/1,/v1/classifications/2,698984,174746,1,2022-01-01T12:45:00+00:00,2022-01-01T13:00:00+00:00,2023-05-24T11:04:48+00:00
/v1/utilizations/23835824072,Utilization,23835824072,/v1/points/0,/v1/types/8,/v1/granularities/4,/v1/granularity_time_zones/0,/v1/activities/1,/v1/classifications/2,698980,174745,1,2022-01-01T13:00:00+00:00,2022-01-01T13:15:00+00:00,2023-05-24T11:04:48+00:00
/v1/utilizations/23836153655,Utilization,23836153655,/v1/points/0,/v1/types/8,/v1/granularities/4,/v1/granularity_time_zones/0,/v1/activities/1,/v1/classifications/2,698984,174746,1,2022-01-01T13:15:00+00:00,2022-01-01T13:30:00+00:00,2023-05-24T11:04:48+00:00
/v1/utilizations/23836805971,Utilization,23836805971,/v1/points/0,/v1/types/8,/v1/granularities/4,/v1/granularity_time_zones/0,/v1/activities/1,/v1/classifications/2,698976,174744,1,2022-01-01T13:30:00+00:00,2022-01-01T13:45:00+00:00,2023-05-24T11:04:48+00:00
/v1/utilizations/23837135403,Utilization,23837135403,/v1/points/0,/v1/types/8,/v1/granularities/4,/v1/granularity_time_zones/0,/v1/activities/1,/v1/classifications/2,698976,174744,1,2022-01-01T13:45:00+00:00,2022-01-01T14:00:00+00:00,2023-05-24T11:04:48+00:00
/v1/utilizations/23838984761,Utilization,23838984761,/v1/points/0,/v1/types/8,/v1/granularities/4,/v1/granularity_time_zones/0,/v1/activities/1,/v1/classifications/2,698976,174744,1,2022-01-01T14:00:00+00:00,2022-01-01T14:15:00+00:00,2023-05-24T11:04:48+00:00
/v1/utilizations/23839314352,Utilization,23839314352,/v1/points/0,/v1/types/8,/v1/granularities/4,/v1/granularity_time_zones/0,/v1/activities/1,/v1/classifications/2,698976,174744,1,2022-01-01T14:15:00+00:00,2022-01-01T14:30:00+00:00,2023-05-24T11:04:48+00:00
/v1/utilizations/23839966676,Utilization,23839966676,/v1/points/0,/v1/types/8,/v1/granularities/4,/v1/granularity_time_zones/0,/v1/activities/1,/v1/classifications/2,698976,174744,1,2022-01-01T14:30:00+00:00,2022-01-01T14:45:00+00:00,2023-05-24T11:04:48+00:00
/v1/utilizations/23840296116,Utilization,23840296116,/v1/points/0,/v1/types/8,/v1/granularities/4,/v1/granularity_time_zones/0,/v1/activities/1,/v1/classifications/2,698976,174744,1,2022-01-01T14:45:00+00:00,2022-01-01T15:00:00+00:00,2023-05-24T11:04:48+00:00
/v1/utilizations/23842145482,Utilization,23842145482,/v1/points/0,/v1/types/8,/v1/granularities/4,/v1/granularity_time_zones/0,/v1/activities/1,/v1/classifications/2,698976,174744,1,2022-01-01T15:00:00+00:00,2022-01-01T15:15:00+00:00,2023-05-24T11:04:48+00:00
/v1/utilizations/23842475081,Utilization,23842475081,/v1/points/0,/v1/types/8,/v1/granularities/4,/v1/granularity_time_zones/0,/v1/activities/1,/v1/classifications/2,698976,174744,1,2022-01-01T15:15:00+00:00,2022-01-01T15:30:00+00:00,2023-05-24T11:04:48+00:00
/v1/utilizations/23843127413,Utilization,23843127413,/v1/points/0,/v1/types/8,/v1/granularities/4,/v1/granularity_time_zones/0,/v1/activities/1,/v1/classifications/2,698976,174744,1,2022-01-01T15:30:00+00:00,2022-01-01T15:45:00+00:00,2023-05-24T11:04:48+00:00
/v1/utilizations/23843456861,Utilization,23843456861,/v1/points/0,/v1/types/8,/v1/granularities/4,/v1/granularity_time_zones/0,/v1/activities/1,/v1/classifications/2,698976,174744,1,2022-01-01T15:45:00+00:00,2022-01-01T16:00:00+00:00,2023-05-24T11:04:48+00:00
/v1/utilizations/23845306235,Utilization,23845306235,/v1/points/0,/v1/types/8,/v1/granularities/4,/v1/granularity_time_zones/0,/v1/activities/1,/v1/classifications/2,698976,174744,1,2022-01-01T16:00:00+00:00,2022-01-01T16:15:00+00:00,2023-05-24T11:04:48+00:00
/v1/utilizations/23845635842,Utilization,23845635842,/v1/points/0,/v1/types/8,/v1/granularities/4,/v1/granularity_time_zones/0,/v1/activities/1,/v1/classifications/2,698976,174744,1,2022-01-01T16:15:00+00:00,2022-01-01T16:30:00+00:00,2023-05-24T11:04:48+00:00
/v1/utilizations/23846288182,Utilization,23846288182,/v1/points/0,/v1/types/8,/v1/granularities/4,/v1/granularity_time_zones/0,/v1/activities/1,/v1/classifications/2,698976,174744,1,2022-01-01T16:30:00+00:00,2022-01-01T16:45:00+00:00,2023-05-24T11:04:48+00:00
/v1/utilizations/23846617638,Utilization,23846617638,/v1/points/0,/v1/types/8,/v1/granularities/4,/v1/granularity_time_zones/0,/v1/activities/1,/v1/classifications/2,698976,174744,1,2022-01-01T16:45:00+00:00,2022-01-01T17:00:00+00:00,2023-05-24T11:04:48+00:00
/v1/utilizations/23848467020,Utilization,23848467020,/v1/points/0,/v1/types/8,/v1/granularities/4,/v1/granularity_time_zones/0,/v1/activities/1,/v1/classifications/2,698976,174744,1,2022-01-01T17:00:00+00:00,2022-01-01T17:15:00+00:00,2023-05-24T11:04:48+00:00
/v1/utilizations/23848796635,Utilization,23848796635,/v1/points/0,/v1/types/8,/v1/granularities/4,/v1/granularity_time_zones/0,/v1/activities/1,/v1/classifications/2,698976,174744,1,2022-01-01T17:15:00+00:00,2022-01-01T17:30:00+00:00,2023-05-24T11:04:48+00:00
/v1/utilizations/23849448983,Utilization,23849448983,/v1/points/0,/v1/types/8,/v1/granularities/4,/v1/granularity_time_zones/0,/v1/activities/1,/v1/classifications/2,698972,174743,1,2022-01-01T17:30:00+00:00,2022-01-01T17:45:00+00:00,2023-05-24T11:04:48+00:00
/v1/utilizations/23849778447,Utilization,23849778447,/v1/points/0,/v1/types/8,/v1/granularities/4,/v1/granularity_time_zones/0,/v1/activities/1,/v1/classifications/2,698972,174743,1,2022-01-01T17:45:00+00:00,2022-01-01T18:00:00+00:00,2023-05-24T11:04:48+00:00
/v1/utilizations/23851627837,Utilization,23851627837,/v1/points/0,/v1/types/8,/v1/granularities/4,/v1/granularity_time_zones/0,/v1/activities/1,/v1/classifications/2,698968,174742,1,2022-01-01T18:00:00+00:00,2022-01-01T18:15:00+00:00,2023-05-24T11:04:48+00:00
/v1/utilizations/23851957460,Utilization,23851957460,/v1/points/0,/v1/types/8,/v1/granularities/4,/v1/granularity_time_zones/0,/v1/activities/1,/v1/classifications/2,698972,174743,1,2022-01-01T18:15:00+00:00,2022-01-01T18:30:00+00:00,2023-05-24T11:04:48+00:00
/v1/utilizations/23852609816,Utilization,23852609816,/v1/points/0,/v1/types/8,/v1/granularities/4,/v1/granularity_time_zones/0,/v1/activities/1,/v1/classifications/2,698968,174742,1,2022-01-01T18:30:00+00:00,2022-01-01T18:45:00+00:00,2023-05-24T11:04:48+00:00
/v1/utilizations/23852939288,Utilization,23852939288,/v1/points/0,/v1/types/8,/v1/granularities/4,/v1/granularity_time_zones/0,/v1/activities/1,/v1/classifications/2,698972,174743,1,2022-01-01T18:45:00+00:00,2022-01-01T19:00:00+00:00,2023-05-24T11:04:48+00:00
/v1/utilizations/23854788686,Utilization,23854788686,/v1/points/0,/v1/types/8,/v1/granularities/4,/v1/granularity_time_zones/0,/v1/activities/1,/v1/classifications/2,698968,174742,1,2022-01-01T19:00:00+00:00,2022-01-01T19:15:00+00:00,2023-05-24T11:04:48+00:00
/v1/utilizations/23855118317,Utilization,23855118317,/v1/points/0,/v1/types/8,/v1/granularities/4,/v1/granularity_time_zones/0,/v1/activities/1,/v1/classifications/2,698972,174743,1,2022-01-01T19:15:00+00:00,2022-01-01T19:30:00+00:00,2023-05-24T11:04:48+00:00
/v1/utilizations/23855770681,Utilization,23855770681,/v1/points/0,/v1/types/8,/v1/granularities/4,/v1/granularity_time_zones/0,/v1/activities/1,/v1/classifications/2,698968,174742,1,2022-01-01T19:30:00+00:00,2022-01-01T19:45:00+00:00,2023-05-24T11:04:48+00:00
/v1/utilizations/23856100161,Utilization,23856100161,/v1/points/0,/v1/types/8,/v1/granularities/4,/v1/granularity_time_zones/0,/v1/activities/1,/v1/classifications/2,698972,174743,1,2022-01-01T19:45:00+00:00,2022-01-01T20:00:00+00:00,2023-05-24T11:04:48+00:00
/v1/utilizations/23857949567,Utilization,23857949567,/v1/points/0,/v1/types/8,/v1/granularities/4,/v1/granularity_time_zones/0,/v1/activities/1,/v1/classifications/2,698968,174742,1,2022-01-01T20:00:00+00:00,2022-01-01T20:15:00+00:00,2023-05-24T11:04:48+00:00
/v1/utilizations/23858279206,Utilization,23858279206,/v1/points/0,/v1/types/8,/v1/granularities/4,/v1/granularity_time_zones/0,/v1/activities/1,/v1/classifications/2,698972,174743,1,2022-01-01T20:15:00+00:00,2022-01-01T20:30:00+00:00,2023-05-24T11:04:48+00:00
/v1/utilizations/23858931578,Utilization,23858931578,/v1/points/0,/v1/types/8,/v1/granularities/4,/v1/granularity_time_zones/0,/v1/activities/1,/v1/classifications/2,698968,174742,1,2022-01-01T20:30:00+00:00,2022-01-01T20:45:00+00:00,2023-05-24T11:04:48+00:00
/v1/utilizations/23859261066,Utilization,23859261066,/v1/points/0,/v1/types/8,/v1/granularities/4,/v1/granularity_time_zones/0,/v1/activities/1,/v1/classifications/2,698972,174743,1,2022-01-01T20:45:00+00:00,2022-01-01T21:00:00+00:00,2023-05-24T11:04:48+00:00
/v1/utilizations/23861110480,Utilization,23861110480,/v1/points/0,/v1/types/8,/v1/granularities/4,/v1/granularity_time_zones/0,/v1/activities/1,/v1/classifications/2,698968,174742,1,2022-01-01T21:00:00+00:00,2022-01-01T21:15:00+00:00,2023-05-24T11:04:48+00:00
/v1/utilizations/23861440127,Utilization,23861440127,/v1/points/0,/v1/types/8,/v1/granularities/4,/v1/granularity_time_zones/0,/v1/activities/1,/v1/classifications/2,698972,174743,1,2022-01-01T21:15:00+00:00,2022-01-01T21:30:00+00:00,2023-05-24T11:04:48+00:00
/v1/utilizations/23862092507,Utilization,23862092507,/v1/points/0,/v1/types/8,/v1/granularities/4,/v1/granularity_time_zones/0,/v1/activities/1,/v1/classifications/2,698968,174742,1,2022-01-01T21:30:00+00:00,2022-01-01T21:45:00+00:00,2023-05-24T11:04:48+00:00
/v1/utilizations/23862422003,Utilization,23862422003,/v1/points/0,/v1/types/8,/v1/granularities/4,/v1/granularity_time_zones/0,/v1/activities/1,/v1/classifications/2,698968,174742,1,2022-01-01T21:45:00+00:00,2022-01-01T22:00:00+00:00,2023-05-24T11:04:48+00:00
/v1/utilizations/23864271425,Utilization,23864271425,/v1/points/0,/v1/types/8,/v1/granularities/4,/v1/granularity_time_zones/0,/v1/activities/1,/v1/classifications/2,698964,174741,1,2022-01-01T22:00:00+00:00,2022-01-01T22:15:00+00:00,2023-05-24T11:04:48+00:00
/v1/utilizations/23864601080,Utilization,23864601080,/v1/points/0,/v1/types/8,/v1/granularities/4,/v1/granularity_time_zones/0,/v1/activities/1,/v1/classifications/2,698964,174741,1,2022-01-01T22:15:00+00:00,2022-01-01T22:30:00+00:00,2023-05-24T11:04:48+00:00
/v1/utilizations/23865253468,Utilization,23865253468,/v1/points/0,/v1/types/8,/v1/granularities/4,/v1/granularity_time_zones/0,/v1/activities/1,/v1/classifications/2,698964,174741,1,2022-01-01T22:30:00+00:00,2022-01-01T22:45:00+00:00,2023-05-24T11:04:48+00:00
/v1/utilizations/23865582972,Utilization,23865582972,/v1/points/0,/v1/types/8,/v1/granularities/4,/v1/granularity_time_zones/0,/v1/activities/1,/v1/classifications/2,698964,174741,1,2022-01-01T22:45:00+00:00,2022-01-01T23:00:00+00:00,2023-05-24T11:04:48+00:00
/v1/utilizations/23867432563,Utilization,23867432563,/v1/points/0,/v1/types/8,/v1/granularities/4,/v1/granularity_time_zones/0,/v1/activities/1,/v1/classifications/2,698964,174741,1,2022-01-01T23:00:00+00:00,2022-01-01T23:15:00+00:00,2023-05-24T11:04:48+00:00
/v1/utilizations/23867762396,Utilization,23867762396,/v1/points/0,/v1/types/8,/v1/granularities/4,/v1/granularity_time_zones/0,/v1/activities/1,/v1/classifications/2,698964,174741,1,2022-01-01T23:15:00+00:00,2022-01-01T23:30:00+00:00,2023-05-24T11:04:48+00:00
/v1/utilizations/23868415132,Utilization,23868415132,/v1/points/0,/v1/types/8,/v1/granularities/4,/v1/granularity_time_zones/0,/v1/activities/1,/v1/classifications/2,698964,174741,1,2022-01-01T23:30:00+00:00,2022-01-01T23:45:00+00:00,2023-05-24T11:04:48+00:00
/v1/utilizations/23868744814,Utilization,23868744814,/v1/points/0,/v1/types/8,/v1/granularities/4,/v1/granularity_time_zones/0,/v1/activities/1,/v1/classifications/2,698964,174741,1,2022-01-01T23:45:00+00:00,2022-01-02T00:00:00+00:00,2023-05-24T11:04:48+00:00
/v1/utilizations/23870593733,Utilization,23870593733,/v1/points/0,/v1/types/8,/v1/granularities/4,/v1/granularity_time_zones/0,/v1/activities/1,/v1/classifications/2,698964,174741,1,2022-01-02T00:00:00+00:00,2022-01-02T00:15:00+00:00,2023-05-24T11:05:32+00:00
/v1/utilizations/23870923013,Utilization,23870923013,/v1/points/0,/v1/types/8,/v1/granularities/4,/v1/granularity_time_zones/0,/v1/activities/1,/v1/classifications/2,698964,174741,1,2022-01-02T00:15:00+00:00,2022-01-02T00:30:00+00:00,2023-05-24T11:05:32+00:00
/v1/utilizations/23871574618,Utilization,23871574618,/v1/points/0,/v1/types/8,/v1/granularities/4,/v1/granularity_time_zones/0,/v1/activities/1,/v1/classifications/2,698964,174741,1,2022-01-02T00:30:00+00:00,2022-01-02T00:45:00+00:00,2023-05-24T11:05:32+00:00
/v1/utilizations/23871903538,Utilization,23871903538,/v1/points/0,/v1/types/8,/v1/granularities/4,/v1/granularity_time_zones/0,/v1/activities/1,/v1/classifications/2,698964,174741,1,2022-01-02T00:45:00+00:00,2022-01-02T01:00:00+00:00,2023-05-24T11:05:32+00:00
/v1/utilizations/23873751976,Utilization,23873751976,/v1/points/0,/v1/types/8,/v1/granularities/4,/v1/granularity_time_zones/0,/v1/activities/1,/v1/classifications/2,698964,174741,1,2022-01-02T01:00:00+00:00,2022-01-02T01:15:00+00:00,2023-05-24T11:05:32+00:00
/v1/utilizations/23874081055,Utilization,23874081055,/v1/points/0,/v1/types/8,/v1/granularities/4,/v1/granularity_time_zones/0,/v1/activities/1,/v1/classifications/2,698964,174741,1,2022-01-02T01:15:00+00:00,2022-01-02T01:30:00+00:00,2023-05-24T11:05:32+00:00
/v1/utilizations/23874732459,Utilization,23874732459,/v1/points/0,/v1/types/8,/v1/granularities/4,/v1/granularity_time_zones/0,/v1/activities/1,/v1/classifications/2,698964,174741,1,2022-01-02T01:30:00+00:00,2022-01-02T01:45:00+00:00,2023-05-24T11:05:32+00:00
/v1/utilizations/23875061387,Utilization,23875061387,/v1/points/0,/v1/types/8,/v1/granularities/4,/v1/granularity_time_zones/0,/v1/activities/1,/v1/classifications/2,698960,174740,1,2022-01-02T01:45:00+00:00,2022-01-02T02:00:00+00:00,2023-05-24T11:05:32+00:00
/v1/utilizations/23876909833,Utilization,23876909833,/v1/points/0,/v1/types/8,/v1/granularities/4,/v1/granularity_time_zones/0,/v1/activities/1,/v1/classifications/2,698956,174739,1,2022-01-02T02:00:00+00:00,2022-01-02T02:15:00+00:00,2023-05-24T11:05:32+00:00
/v1/utilizations/23877238920,Utilization,23877238920,/v1/points/0,/v1/types/8,/v1/granularities/4,/v1/granularity_time_zones/0,/v1/activities/1,/v1/classifications/2,698960,174740,1,2022-01-02T02:15:00+00:00,2022-01-02T02:30:00+00:00,2023-05-24T11:05:32+00:00
/v1/utilizations/23877890332,Utilization,23877890332,/v1/points/0,/v1/types/8,/v1/granularities/4,/v1/granularity_time_zones/0,/v1/activities/1,/v1/classifications/2,698956,174739,1,2022-01-02T02:30:00+00:00,2022-01-02T02:45:00+00:00,2023-05-24T11:05:32+00:00
/v1/utilizations/23878219268,Utilization,23878219268,/v1/points/0,/v1/types/8,/v1/granularities/4,/v1/granularity_time_zones/0,/v1/activities/1,/v1/classifications/2,698960,174740,1,2022-01-02T02:45:00+00:00,2022-01-02T03:00:00+00:00,2023-05-24T11:05:32+00:00
/v1/utilizations/23880067722,Utilization,23880067722,/v1/points/0,/v1/types/8,/v1/granularities/4,/v1/granularity_time_zones/0,/v1/activities/1,/v1/classifications/2,698956,174739,1,2022-01-02T03:00:00+00:00,2022-01-02T03:15:00+00:00,2023-05-24T11:05:32+00:00
/v1/utilizations/23880396817,Utilization,23880396817,/v1/points/0,/v1/types/8,/v1/granularities/4,/v1/granularity_time_zones/0,/v1/activities/1,/v1/classifications/2,698960,174740,1,2022-01-02T03:15:00+00:00,2022-01-02T03:30:00+00:00,2023-05-24T11:05:32+00:00
/v1/utilizations/23881048237,Utilization,23881048237,/v1/points/0,/v1/types/8,/v1/granularities/4,/v1/granularity_time_zones/0,/v1/activities/1,/v1/classifications/2,698956,174739,1,2022-01-02T03:30:00+00:00,2022-01-02T03:45:00+00:00,2023-05-24T11:05:32+00:00
/v1/utilizations/23881377181,Utilization,23881377181,/v1/points/0,/v1/types/8,/v1/granularities/4,/v1/granularity_time_zones/0,/v1/activities/1,/v1/classifications/2,698960,174740,1,2022-01-02T03:45:00+00:00,2022-01-02T04:00:00+00:00,2023-05-24T11:05:32+00:00
/v1/utilizations/23883225643,Utilization,23883225643,/v1/points/0,/v1/types/8,/v1/granularities/4,/v1/granularity_time_zones/0,/v1/activities/1,/v1/classifications/2,698956,174739,1,2022-01-02T04:00:00+00:00,2022-01-02T04:15:00+00:00,2023-05-24T11:05:32+00:00
/v1/utilizations/23883554746,Utilization,23883554746,/v1/points/0,/v1/types/8,/v1/granularities/4,/v1/granularity_time_zones/0,/v1/activities/1,/v1/classifications/2,698960,174740,1,2022-01-02T04:15:00+00:00,2022-01-02T04:30:00+00:00,2023-05-24T11:05:32+00:00
/v1/utilizations/23884206174,Utilization,23884206174,/v1/points/0,/v1/types/8,/v1/granularities/4,/v1/granularity_time_zones/0,/v1/activities/1,/v1/classifications/2,698956,174739,1,2022-01-02T04:30:00+00:00,2022-01-02T04:45:00+00:00,2023-05-24T11:05:32+00:00
/v1/utilizations/23884535126,Utilization,23884535126,/v1/points/0,/v1/types/8,/v1/granularities/4,/v1/granularity_time_zones/0,/v1/activities/1,/v1/classifications/2,698960,174740,1,2022-01-02T04:45:00+00:00,2022-01-02T05:00:00+00:00,2023-05-24T11:05:32+00:00
/v1/utilizations/23886383596,Utilization,23886383596,/v1/points/0,/v1/types/8,/v1/granularities/4,/v1/granularity_time_zones/0,/v1/activities/1,/v1/classifications/2,698956,174739,1,2022-01-02T05:00:00+00:00,2022-01-02T05:15:00+00:00,2023-05-24T11:05:32+00:00
/v1/utilizations/23886712707,Utilization,23886712707,/v1/points/0,/v1/types/8,/v1/granularities/4,/v1/granularity_time_zones/0,/v1/activities/1,/v1/classifications/2,698960,174740,1,2022-01-02T05:15:00+00:00,2022-01-02T05:30:00+00:00,2023-05-24T11:05:32+00:00
/v1/utilizations/23887364143,Utilization,23887364143,/v1/points/0,/v1/types/8,/v1/granularities/4,/v1/granularity_time_zones/0,/v1/activities/1,/v1/classifications/2,698956,174739,1,2022-01-02T05:30:00+00:00,2022-01-02T05:45:00+00:00,2023-05-24T11:05:32+00:00
/v1/utilizations/23887693103,Utilization,23887693103,/v1/points/0,/v1/types/8,/v1/granularities/4,/v1/granularity_time_zones/0,/v1/activities/1,/v1/classifications/2,698960,174740,1,2022-01-02T05:45:00+00:00,2022-01-02T06:00:00+00:00,2023-05-24T11:05:32+00:00
/v1/utilizations/23889541581,Utilization,23889541581,/v1/points/0,/v1/types/8,/v1/granularities/4,/v1/granularity_time_zones/0,/v1/activities/1,/v1/classifications/2,698952,174738,1,2022-01-02T06:00:00+00:00,2022-01-02T06:15:00+00:00,2023-05-24T11:05:32+00:00
/v1/utilizations/23889870700,Utilization,23889870700,/v1/points/0,/v1/types/8,/v1/granularities/4,/v1/granularity_time_zones/0,/v1/activities/1,/v1/classifications/2,698952,174738,1,2022-01-02T06:15:00+00:00,2022-01-02T06:30:00+00:00,2023-05-24T11:05:32+00:00
/v1/utilizations/23890522144,Utilization,23890522144,/v1/points/0,/v1/types/8,/v1/granularities/4,/v1/granularity_time_zones/0,/v1/activities/1,/v1/classifications/2,698952,174738,1,2022-01-02T06:30:00+00:00,2022-01-02T06:45:00+00:00,2023-05-24T11:05:32+00:00
/v1/utilizations/23890976662,Utilization,23890976662,/v1/points/0,/v1/types/8,/v1/granularities/4,/v1/granularity_time_zones/0,/v1/activities/1,/v1/classifications/2,698952,174738,1,2022-01-02T06:45:00+00:00,2022-01-02T07:00:00+00:00,2023-05-24T11:05:32+00:00
/v1/utilizations/23893011715,Utilization,23893011715,/v1/points/0,/v1/types/8,/v1/granularities/4,/v1/granularity_time_zones/0,/v1/activities/1,/v1/classifications/2,698952,174738,1,2022-01-02T07:00:00+00:00,2022-01-02T07:15:00+00:00,2023-05-24T11:05:32+00:00
/v1/utilizations/23893340842,Utilization,23893340842,/v1/points/0,/v1/types/8,/v1/granularities/4,/v1/granularity_time_zones/0,/v1/activities/1,/v1/classifications/2,698952,174738,1,2022-01-02T07:15:00+00:00,2022-01-02T07:30:00+00:00,2023-05-24T11:05:32+00:00
/v1/utilizations/23893992294,Utilization,23893992294,/v1/points/0,/v1/types/8,/v1/granularities/4,/v1/granularity_time_zones/0,/v1/activities/1,/v1/classifications/2,698952,174738,1,2022-01-02T07:30:00+00:00,2022-01-02T07:45:00+00:00,2023-05-24T11:05:32+00:00
/v1/utilizations/23894321270,Utilization,23894321270,/v1/points/0,/v1/types/8,/v1/granularities/4,/v1/granularity_time_zones/0,/v1/activities/1,/v1/classifications/2,698952,174738,1,2022-01-02T07:45:00+00:00,2022-01-02T08:00:00+00:00,2023-05-24T11:05:32+00:00
/v1/utilizations/23896169764,Utilization,23896169764,/v1/points/0,/v1/types/8,/v1/granularities/4,/v1/granularity_time_zones/0,/v1/activities/1,/v1/classifications/2,698952,174738,1,2022-01-02T08:00:00+00:00,2022-01-02T08:15:00+00:00,2023-05-24T11:05:32+00:00
/v1/utilizations/23896498899,Utilization,23896498899,/v1/points/0,/v1/types/8,/v1/granularities/4,/v1/granularity_time_zones/0,/v1/activities/1,/v1/classifications/2,698952,174738,1,2022-01-02T08:15:00+00:00,2022-01-02T08:30:00+00:00,2023-05-24T11:05:32+00:00
/v1/utilizations/23897150359,Utilization,23897150359,/v1/points/0,/v1/types/8,/v1/granularities/4,/v1/granularity_time_zones/0,/v1/activities/1,/v1/classifications/2,698952,174738,1,2022-01-02T08:30:00+00:00,2022-01-02T08:45:00+00:00,2023-05-24T11:05:32+00:00
/v1/utilizations/23897479343,Utilization,23897479343,/v1/points/0,/v1/types/8,/v1/granularities/4,/v1/granularity_time_zones/0,/v1/activities/1,/v1/classifications/2,698952,174738,1,2022-01-02T08:45:00+00:00,2022-01-02T09:00:00+00:00,2023-05-24T11:05:32+00:00
/v1/utilizations/23899327845,Utilization,23899327845,/v1/points/0,/v1/types/8,/v1/granularities/4,/v1/granularity_time_zones/0,/v1/activities/1,/v1/classifications/2,698952,174738,1,2022-01-02T09:00:00+00:00,2022-01-02T09:15:00+00:00,2023-05-24T11:05:32+00:00
/v1/utilizations/23899656988,Utilization,23899656988,/v1/points/0,/v1/types/8,/v1/granularities/4,/v1/granularity_time_zones/0,/v1/activities/1,/v1/classifications/2,698952,174738,1,2022-01-02T09:15:00+00:00,2022-01-02T09:30:00+00:00,2023-05-24T11:05:32+00:00
/v1/utilizations/23900308456,Utilization,23900308456,/v1/points/0,/v1/types/8,/v1/granularities/4,/v1/granularity_time_zones/0,/v1/activities/1,/v1/classifications/2,698952,174738,1,2022-01-02T09:30:00+00:00,2022-01-02T09:45:00+00:00,2023-05-24T11:05:32+00:00
/v1/utilizations/23900637448,Utilization,23900637448,/v1/points/0,/v1/types/8,/v1/granularities/4,/v1/granularity_time_zones/0,/v1/activities/1,/v1/classifications/2,698952,174738,1,2022-01-02T09:45:00+00:00,2022-01-02T10:00:00+00:00,2023-05-24T11:05:32+00:00
/v1/utilizations/23902485958,Utilization,23902485958,/v1/points/0,/v1/types/8,/v1/granularities/4,/v1/granularity_time_zones/0,/v1/activities/1,/v1/classifications/2,698948,174737,1,2022-01-02T10:00:00+00:00,2022-01-02T10:15:00+00:00,2023-05-24T11:05:32+00:00
/v1/utilizations/23902815109,Utilization,23902815109,/v1/points/0,/v1/types/8,/v1/granularities/4,/v1/granularity_time_zones/0,/v1/activities/1,/v1/classifications/2,698948,174737,1,2022-01-02T10:15:00+00:00,2022-01-02T10:30:00+00:00,2023-05-24T11:05:32+00:00
/v1/utilizations/23903466585,Utilization,23903466585,/v1/points/0,/v1/types/8,/v1/granularities/4,/v1/granularity_time_zones/0,/v1/activities/1,/v1/classifications/2,698944,174736,1,2022-01-02T10:30:00+00:00,2022-01-02T10:45:00+00:00,2023-05-24T11:05:32+00:00
/v1/utilizations/23903795585,Utilization,23903795585,/v1/points/0,/v1/types/8,/v1/granularities/4,/v1/granularity_time_zones/0,/v1/activities/1,/v1/classifications/2,698948,174737,1,2022-01-02T10:45:00+00:00,2022-01-02T11:00:00+00:00,2023-05-24T11:05:32+00:00
